NAME,Correct URL
Forestry Cooperative Mutual Aid,https://www.nfcf.or.kr/forest/user.tdf?a=user.index.IndexApp&c=1006&mc=KOR
Amazon Health Services,https://health.amazon.com/
Amazon Health Services,https://health.amazon.com/
Mango Voice,https://mangovoice.com/
Amazon Health Services,https://health.amazon.com/
Timee,https://corp.timee.co.jp/news/detail-2631/
Marshall Health Network,https://marshallhealthnetwork.org/
Orion Corporation,https://www.orion.fi
HealthEC,https://healthec.com/
Family Health Services of Darke County,https://familyhealthservices.org/
Mount Sinai,https://www.mountsinai.org/
Halle Berry's Respin,https://re-spin.com/
NeuroNet,https://neuronetgpo.com/
NeuroNet,https://neuronetgpo.com/
LAKE,https://lak3.io/
Neonode,https://neonode.com/
"Massachusetts Cancer Center, Cleveland Clinic",https://www.massgeneral.org/cancer/
Rock the Vote,https://www.rockthevote.org/
Janus Healthcare Partners,https://janushcp.com/
Rosman Search,https://www.rosmansearch.com/pages/Meet-Our-Team.html
Ascend Imaging,https://ascendimagingcenter.com/
"Wisconsin Hospice & Palliative Care Collaborative, Agrace, Rainbow Hospice Care, Unity Hospice, Adoray Home Health & Hospice, Hospice Alliance, Sharon S. Richardson Community Hospice",https://www.vitas.com/locations-search/milwaukee?gclsrc=aw.ds&gad_source=1&gclid=CjwKCAiApY-7BhBjEiwAQMrrETx9lGtXscH24jQBIUr6280YmfvsT6_RMRTQSkexsQohs4B_nOR6NhoC2ecQAvD_BwE
Diagnostics Longwood,https://www.dlongwood.com/en/
Nonin Medical,https://www.nonin.com/
Redefine Management,https://redefinemanagement.com/
Acquired by RxLive,https://rxlive.com/
Tonix Pharmaceuticals Holding Corp.,https://www.tonixpharma.com/
Tonix Pharmaceuticals,https://www.tonixpharma.com/
YUMAB,http://www.yumab.com
VectorCare,https://www.vectorcare.com/
Network Advertising Initiative,https://www.vectorcare.com/
Acquired by MedCurrent Corporation,https://www.medcurrent.com/
Keio University School of Medicine,https://www.med.keio.ac.jp/en/
Platinum Equity,https://www.platinumequity.com/
"GENEFIT, Cesena FC",https://genefit.pro/
Cellsource,https://www.cellsource.co.jp
Cellsource,https://www.cellsource.co.jp
Myanmar nursing and caregiving professional training institute,
Gluware,https://www.gluware.com/
Lenders Cooperative,https://www.lenderscooperative.com/
BGC Group,http://www.bgcpartners.com/
"Korea Breast Cancer Foundation, Korean Breast Cancer Society, Korean Cancer Association",http://www.kbcs.or.kr/
Ulsan University College of Medicine,http://medicine.ulsan.ac.kr/
"Ulsan University College of Medicine, Meteobiotech, National Model Animal Research Institute",https://medicaleducator.co.uk/directory/university-of-ulsan-college-of-medicine/
Rocket Genomics,https://www.rokitgenomics.com/ko/pr_center.html
Rocket Genomics,https://www.rokitgenomics.com/ko/pr_center.html
Australian Childhood Cancer Research Institute,https://www.ccia.org.au/
ALLG,https://www.allg.org.au/
Palantir Technologies Inc.,https://www.palantir.com
Takara Printing,http://www.takara.co.jp/
Briggs & Stratton,https://www.briggsandstratton.com
"Kwajalein Atoll Government, US Coast Guard Cadets",
Buena Vida y Salud ACO,https://www.buenavidaysalud.com/
Capital Cardiology Associates,https://www.capitalcardiology.com/
XOMA Royalty,https://www.xoma.com/
Renalogic,https://renalogic.com/
WHITE CROSS,https://www.whitecross.com.au/
Monroe Capital,https://www.monroecap.com/
Osaka Prefecture,https://www.pref.osaka.lg.jp/en/
Optimize Health,https://www.optimize.health/
Ryoyo Electro,http://www.ryoyo.co.jp/
"Utsunomiya City, Tochigi Prefecture",https://www.city.utsunomiya.tochigi.jp
Build Jakes Place,https://www.buildjakesplace.org/
"Rawlings Group, Varis",
Lifebit Biotech Ltd,https://lifebit.ai/
Innovate Life Sciences,https://innovatelifesciences.org/
Innovate Life Sciences,https://innovatelifesciences.org/
Southeastern Medical Center,https://www.ohiohealth.com/locations/hospitals/southeastern-medical-center
NTN,https://www.ntn.co.jp/english/
Max & Co.,https://world.maxandco.com/
Topcon Healthcare Inc.,https://www.topconhealth.com
The Ward Marketing Group,https://www.thewardgroup.media/partner
Mount Sinai,https://www.mountsinai.org/
Prealize Health,https://www.prealizehealth.com/
U.S. Defense Health Agency,https://www.health.mil/dha
"National Cancer Center of Japan, Japanese pharmaceutical companies",https://www.ncc.go.jp/en/
Mercy,https://www.mercy.net
TERASS,https://terass.com/
"TERASS Co., Ltd.",https://terass.com/
DVX Inc.,https://www.dvx.jp/en/index.html
Best Defense Foundation,https://www.bestdefensefoundation.org/
Wisdo Health,https://www.wisdo.com/
Amazon Health Services,
"Topcon Korea Medical Co., Ltd.",https://topconhealthcare.kr/
Cesena FC,https://www.cesenacalcio.it/
Cenegenics,https://www.cenegenics.com/
The Metabolic Terrain Institute of Health,https://www.mtih.org/
HealthLynked Corp.,https://www.healthlynked.com/
"Zoom Video Communications, Inc.",https://zoom.us/
"Zoom Video Communications, Inc.",https://zoom.us
ArcTern Ventures,https://www.arcternventures.com/
Global Infrastructure Partners,http://www.global-infra.com
"Protera Health, Henry Ford Health Innovations",https://www.proterahealth.com/
"JETRO, ITO EN",https://www.jetro.go.jp/
PeaceMind,https://www.peacemind.co.jp/en
CBRE Korea,https://www.cbre.co.kr/
BitLab,https://www.bitlab.co/news/bitlab-teams-up-with-scope-technologies-and-global-care-innovations-to-advance-healthcare-ai
Ancor Capital Partners,http://www.ancorcapital.com/
"Intermountain Children's Health, Broad Clinical Labs",https://intermountainhealthcare.org/services/pediatrics
Acquired by Fotonation,
Acquired by Carlin Consumer Health,
Gachon University Gil Hospital,http://www.gilhospital.com
"Tyson Foods, Mark Cuban Cost Plus Drugs",https://www.tysonfoods.com/
Acquired by EOM sp z o. o.,https://www.eom.com.pl/
Konica Minolta Healthcare,https://www.konicaminolta.com/medicalusa/
Scope Technologies,https://www.scopetechnologies.io/